事件編號,區域,攝影機,人員,事件,信心度,發生時間
cam-05-20260831-0004,開挖區,cam-05,W013,防護具正確,70%,2026/08/31 07:04
cam-01-20260831-0017,出入口,cam-01,未辨識,防護具正確,73%,2026/08/31 07:12
cam-04-20260831-0008,鋼構組立,cam-04,W038,高處未使用安全帶,82%,2026/08/31 07:17
cam-05-20260831-0008,開挖區,cam-05,W022,跨越警示線,99%,2026/08/31 07:20
cam-04-20260831-0005,鋼構組立,cam-04,W026,防護具正確,86%,2026/08/31 07:41
cam-03-20260831-0018,鋼構組立,cam-03,未辨識,防護具正確,65%,2026/08/31 07:54
cam-03-20260831-0012,鋼構組立,cam-03,W038,防護具正確,65%,2026/08/31 08:00
cam-05-20260831-0012,開挖區,cam-05,W048,未戴安全帽,93%,2026/08/31 08:00
cam-05-20260831-0005,開挖區,cam-05,W013,防護具正確,69%,2026/08/31 08:09
cam-03-20260831-0007,鋼構組立,cam-03,W029,未戴安全帽,96%,2026/08/31 08:09
cam-06-20260831-0005,開挖區,cam-06,W013,防護具正確,71%,2026/08/31 08:09
cam-06-20260831-0021,開挖區,cam-06,未辨識,跨越警示線,49%,2026/08/31 08:12
cam-02-20260831-0009,出入口,cam-02,W024,防護具正確,70%,2026/08/31 08:15
cam-03-20260831-0011,鋼構組立,cam-03,W035,防護具正確,98%,2026/08/31 08:15
cam-03-20260831-0014,鋼構組立,cam-03,未辨識,防護具正確,68%,2026/08/31 08:18
cam-03-20260831-0017,鋼構組立,cam-03,未辨識,未戴安全帽,76%,2026/08/31 08:21
cam-08-20260831-0010,施工架,cam-08,未辨識,防護具正確,N/A,2026/08/31 08:22
cam-06-20260831-0003,開挖區,cam-06,W009,防護具正確,79%,2026/08/31 08:26
cam-03-20260831-0015,鋼構組立,cam-03,未辨識,防護具正確,80%,2026/08/31 08:27
cam-01-20260831-0008,出入口,cam-01,W031,防護具正確,65%,2026/08/31 08:28
cam-06-20260831-0014,開挖區,cam-06,W033,防護具正確,84%,2026/08/31 08:29
cam-02-20260831-0013,出入口,cam-02,W031,防護具正確,62%,2026/08/31 08:30
cam-04-20260831-0006,鋼構組立,cam-04,W026,防護具正確,64%,2026/08/31 08:38
cam-02-20260831-0017,出入口,cam-02,W049,防護具正確,66%,2026/08/31 08:39
cam-04-20260831-0003,鋼構組立,cam-04,W005,防護具正確,66%,2026/08/31 08:46
cam-02-20260831-0011,出入口,cam-02,W028,防護具正確,88%,2026/08/31 08:46
cam-03-20260831-0003,鋼構組立,cam-03,W014,防護具正確,67%,2026/08/31 08:52
cam-08-20260831-0005,施工架,cam-08,W023,防護具正確,N/A,2026/08/31 09:02
cam-05-20260831-0015,開挖區,cam-05,未辨識,防護具正確,72%,2026/08/31 09:02
cam-06-20260831-0016,開挖區,cam-06,W037,防護具正確,77%,2026/08/31 09:08
cam-06-20260831-0012,開挖區,cam-06,W027,防護具正確,94%,2026/08/31 09:10
cam-07-20260831-0001,施工架,cam-07,W008,高處未使用安全帶,94%,2026/08/31 09:17
cam-01-20260831-0012,出入口,cam-01,W046,防護具正確,99%,2026/08/31 09:28
cam-04-20260831-0011,鋼構組立,cam-04,W050,防護具正確,69%,2026/08/31 09:28
cam-01-20260831-0001,出入口,cam-01,W007,防護具正確,68%,2026/08/31 09:46
cam-06-20260831-0001,開挖區,cam-06,W009,防護具正確,77%,2026/08/31 09:47
cam-03-20260831-0006,鋼構組立,cam-03,W026,防護具正確,69%,2026/08/31 09:48
cam-02-20260831-0005,出入口,cam-02,W007,防護具正確,67%,2026/08/31 09:48
cam-06-20260831-0017,開挖區,cam-06,W042,防護具正確,75%,2026/08/31 09:55
cam-02-20260831-0010,出入口,cam-02,W024,防護具正確,96%,2026/08/31 09:58
cam-04-20260831-0009,鋼構組立,cam-04,W038,防護具正確,82%,2026/08/31 09:58
cam-08-20260831-0008,施工架,cam-08,W047,防護具正確,N/A,2026/08/31 10:04
cam-01-20260831-0014,出入口,cam-01,W049,未戴安全帽,53%,2026/08/31 10:12
cam-08-20260831-0007,施工架,cam-08,W041,未戴安全帽,N/A,2026/08/31 10:16
cam-08-20260831-0001,施工架,cam-08,W008,防護具正確,N/A,2026/08/31 10:19
cam-04-20260831-0013,鋼構組立,cam-04,未辨識,防護具正確,89%,2026/08/31 10:21
cam-05-20260831-0006,開挖區,cam-05,W018,跨越警示線,63%,2026/08/31 10:25
cam-02-20260831-0003,出入口,cam-02,W003,未戴安全帽,57%,2026/08/31 10:30
cam-01-20260831-0003,出入口,cam-01,W010,防護具正確,67%,2026/08/31 10:34
cam-04-20260831-0014,鋼構組立,cam-04,未辨識,防護具正確,65%,2026/08/31 10:42
cam-02-20260831-0001,出入口,cam-02,W003,防護具正確,66%,2026/08/31 10:48
cam-04-20260831-0002,鋼構組立,cam-04,W005,防護具正確,91%,2026/08/31 10:50
cam-06-20260831-0004,開挖區,cam-06,W012,防護具正確,67%,2026/08/31 10:54
cam-07-20260831-0003,施工架,cam-07,W047,防護具正確,61%,2026/08/31 11:00
cam-07-20260831-0004,施工架,cam-07,未辨識,防護具正確,94%,2026/08/31 11:08
cam-06-20260831-0008,開挖區,cam-06,W018,防護具正確,92%,2026/08/31 11:32
cam-03-20260831-0008,鋼構組立,cam-03,W029,未戴安全帽,45%,2026/08/31 11:37
cam-02-20260831-0008,出入口,cam-02,W019,防護具正確,84%,2026/08/31 11:50
cam-01-20260831-0016,出入口,cam-01,未辨識,防護具正確,65%,2026/08/31 11:55
cam-03-20260831-0004,鋼構組立,cam-03,W021,防護具正確,61%,2026/08/31 12:03
cam-06-20260831-0002,開挖區,cam-06,W009,防護具正確,69%,2026/08/31 12:08
cam-05-20260831-0007,開挖區,cam-05,W018,未戴安全帽,97%,2026/08/31 12:15
cam-04-20260831-0004,鋼構組立,cam-04,W011,防護具正確,74%,2026/08/31 12:24
cam-05-20260831-0014,開挖區,cam-05,未辨識,防護具正確,85%,2026/08/31 12:26
cam-02-20260831-0007,出入口,cam-02,W015,未戴安全帽,83%,2026/08/31 12:32
cam-01-20260831-0007,出入口,cam-01,W028,防護具正確,73%,2026/08/31 12:32
cam-01-20260831-0006,出入口,cam-01,W024,防護具正確,69%,2026/08/31 12:36
cam-06-20260831-0010,開挖區,cam-06,W022,防護具正確,91%,2026/08/31 12:55
cam-05-20260831-0010,開挖區,cam-05,W042,防護具正確,92%,2026/08/31 12:57
cam-06-20260831-0018,開挖區,cam-06,W051,防護具正確,76%,2026/08/31 13:07
cam-06-20260831-0013,開挖區,cam-06,W027,防護具正確,97%,2026/08/31 13:09
cam-02-20260831-0015,出入口,cam-02,W046,防護具正確,72%,2026/08/31 13:12
cam-01-20260831-0005,出入口,cam-01,W024,防護具正確,83%,2026/08/31 13:23
cam-02-20260831-0006,出入口,cam-02,W010,未戴安全帽,42%,2026/08/31 13:28
cam-01-20260831-0002,出入口,cam-01,W007,未戴安全帽,36%,2026/08/31 13:29
cam-06-20260831-0019,開挖區,cam-06,W051,防護具正確,86%,2026/08/31 13:29
cam-05-20260831-0001,開挖區,cam-05,W001,防護具正確,81%,2026/08/31 13:30
cam-01-20260831-0015,出入口,cam-01,未辨識,防護具正確,61%,2026/08/31 13:30
cam-05-20260831-0013,開挖區,cam-05,W048,跨越警示線,53%,2026/08/31 13:36
cam-05-20260831-0003,開挖區,cam-05,W013,防護具正確,97%,2026/08/31 13:37
cam-03-20260831-0005,鋼構組立,cam-03,W026,防護具正確,70%,2026/08/31 13:39
cam-01-20260831-0011,出入口,cam-01,W045,未戴安全帽,39%,2026/08/31 13:40
cam-03-20260831-0010,鋼構組立,cam-03,W032,防護具正確,65%,2026/08/31 13:43
cam-03-20260831-0016,鋼構組立,cam-03,未辨識,未戴安全帽,39%,2026/08/31 13:48
cam-02-20260831-0016,出入口,cam-02,W046,未戴安全帽,91%,2026/08/31 13:49
cam-06-20260831-0006,開挖區,cam-06,W016,防護具正確,60%,2026/08/31 13:51
cam-06-20260831-0011,開挖區,cam-06,W027,防護具正確,85%,2026/08/31 13:57
cam-02-20260831-0002,出入口,cam-02,W003,未戴安全帽,91%,2026/08/31 13:59
cam-08-20260831-0006,施工架,cam-08,W025,防護具正確,N/A,2026/08/31 14:02
cam-03-20260831-0001,鋼構組立,cam-03,W002,防護具正確,81%,2026/08/31 14:09
cam-01-20260831-0009,出入口,cam-01,W040,防護具正確,94%,2026/08/31 14:19
cam-04-20260831-0007,鋼構組立,cam-04,W035,防護具正確,90%,2026/08/31 14:38
cam-08-20260831-0009,施工架,cam-08,未辨識,防護具正確,N/A,2026/08/31 14:38
cam-08-20260831-0004,施工架,cam-08,W023,防護具正確,N/A,2026/08/31 14:43
cam-06-20260831-0020,開挖區,cam-06,未辨識,防護具正確,66%,2026/08/31 14:43
cam-05-20260831-0011,開挖區,cam-05,W042,防護具正確,88%,2026/08/31 14:45
cam-08-20260831-0003,施工架,cam-08,W023,防護具正確,N/A,2026/08/31 14:47
cam-02-20260831-0012,出入口,cam-02,W030,防護具正確,81%,2026/08/31 14:55
cam-02-20260831-0004,出入口,cam-02,W007,防護具正確,76%,2026/08/31 14:56
cam-05-20260831-0002,開挖區,cam-05,W012,防護具正確,86%,2026/08/31 14:56
cam-04-20260831-0010,鋼構組立,cam-04,W044,高處未使用安全帶,39%,2026/08/31 14:58
cam-01-20260831-0013,出入口,cam-01,W049,防護具正確,65%,2026/08/31 14:59
cam-06-20260831-0015,開挖區,cam-06,W037,防護具正確,80%,2026/08/31 15:12
cam-01-20260831-0004,出入口,cam-01,W019,防護具正確,93%,2026/08/31 15:14
cam-03-20260831-0002,鋼構組立,cam-03,W002,防護具正確,95%,2026/08/31 15:23
cam-02-20260831-0018,出入口,cam-02,W049,防護具正確,95%,2026/08/31 15:23
cam-08-20260831-0002,施工架,cam-08,W020,高處未使用安全帶,N/A,2026/08/31 15:30
cam-07-20260831-0002,施工架,cam-07,W025,防護具正確,73%,2026/08/31 15:34
cam-06-20260831-0007,開挖區,cam-06,W016,防護具正確,88%,2026/08/31 15:55
cam-04-20260831-0001,鋼構組立,cam-04,W005,防護具正確,62%,2026/08/31 15:57
cam-03-20260831-0009,鋼構組立,cam-03,W032,防護具正確,62%,2026/08/31 16:07
cam-03-20260831-0013,鋼構組立,cam-03,W050,防護具正確,85%,2026/08/31 16:14
cam-05-20260831-0009,開挖區,cam-05,W027,防護具正確,98%,2026/08/31 16:19
cam-06-20260831-0009,開挖區,cam-06,W022,防護具正確,78%,2026/08/31 16:35
cam-01-20260831-0010,出入口,cam-01,W045,防護具正確,74%,2026/08/31 16:51
cam-04-20260831-0012,鋼構組立,cam-04,未辨識,防護具正確,87%,2026/08/31 16:52
cam-02-20260831-0014,出入口,cam-02,W040,防護具正確,75%,2026/08/31 16:54
cam-07-20260901-0002,施工架,cam-07,W017,防護具正確,80%,2026/09/01 07:09
cam-07-20260901-0007,施工架,cam-07,未辨識,防護具正確,95%,2026/09/01 07:10
cam-05-20260901-0003,開挖區,cam-05,W004,跨越警示線,87%,2026/09/01 07:17
cam-08-20260901-0005,施工架,cam-08,W043,防護具正確,N/A,2026/09/01 07:19
cam-01-20260901-0009,出入口,cam-01,W028,防護具正確,98%,2026/09/01 07:28
cam-05-20260901-0011,開挖區,cam-05,W036,防護具正確,71%,2026/09/01 07:29
cam-01-20260901-0011,出入口,cam-01,W028,防護具正確,98%,2026/09/01 07:33
cam-02-20260901-0007,出入口,cam-02,W031,防護具正確,88%,2026/09/01 07:43
cam-01-20260901-0003,出入口,cam-01,W012,防護具正確,77%,2026/09/01 07:44
cam-05-20260901-0009,開挖區,cam-05,W020,防護具正確,88%,2026/09/01 07:51
cam-06-20260901-0011,開挖區,cam-06,W022,防護具正確,67%,2026/09/01 08:06
cam-01-20260901-0021,出入口,cam-01,W052,未戴安全帽,99%,2026/09/01 08:09
cam-01-20260901-0020,出入口,cam-01,W052,防護具正確,98%,2026/09/01 08:12
cam-06-20260901-0016,開挖區,cam-06,W042,防護具正確,73%,2026/09/01 08:14
cam-01-20260901-0018,出入口,cam-01,W046,防護具正確,71%,2026/09/01 08:15
cam-05-20260901-0001,開挖區,cam-05,W001,防護具正確,67%,2026/09/01 08:19
cam-01-20260901-0019,出入口,cam-01,W046,防護具正確,71%,2026/09/01 08:20
cam-01-20260901-0008,出入口,cam-01,W019,防護具正確,84%,2026/09/01 08:29
cam-03-20260901-0001,鋼構組立,cam-03,W011,防護具正確,61%,2026/09/01 08:37
cam-02-20260901-0012,出入口,cam-02,未辨識,防護具正確,73%,2026/09/01 08:44
cam-04-20260901-0005,鋼構組立,cam-04,W014,防護具正確,99%,2026/09/01 08:44
cam-01-20260901-0001,出入口,cam-01,W003,防護具正確,60%,2026/09/01 08:45
cam-03-20260901-0006,鋼構組立,cam-03,W032,防護具正確,87%,2026/09/01 09:01
cam-05-20260901-0005,開挖區,cam-05,W016,防護具正確,82%,2026/09/01 09:01
cam-03-20260901-0011,鋼構組立,cam-03,W040,防護具正確,98%,2026/09/01 09:06
cam-01-20260901-0017,出入口,cam-01,W045,防護具正確,97%,2026/09/01 09:06
cam-03-20260901-0010,鋼構組立,cam-03,W040,防護具正確,72%,2026/09/01 09:09
cam-04-20260901-0003,鋼構組立,cam-04,W006,防護具正確,84%,2026/09/01 09:12
cam-04-20260901-0006,鋼構組立,cam-04,W026,防護具正確,68%,2026/09/01 09:29
cam-08-20260901-0002,施工架,cam-08,W023,防護具正確,N/A,2026/09/01 09:32
cam-03-20260901-0012,鋼構組立,cam-03,未辨識,防護具正確,67%,2026/09/01 09:34
cam-06-20260901-0008,開挖區,cam-06,W021,防護具正確,86%,2026/09/01 09:36
cam-08-20260901-0003,施工架,cam-08,W023,防護具正確,N/A,2026/09/01 09:38
cam-06-20260901-0010,開挖區,cam-06,W021,防護具正確,74%,2026/09/01 09:40
cam-03-20260901-0009,鋼構組立,cam-03,W038,防護具正確,70%,2026/09/01 09:45
cam-06-20260901-0005,開挖區,cam-06,W018,防護具正確,93%,2026/09/01 09:49
cam-04-20260901-0008,鋼構組立,cam-04,W032,高處未使用安全帶,93%,2026/09/01 10:01
cam-01-20260901-0016,出入口,cam-01,W045,防護具正確,67%,2026/09/01 10:11
cam-02-20260901-0013,出入口,cam-02,未辨識,防護具正確,80%,2026/09/01 10:12
cam-04-20260901-0011,鋼構組立,cam-04,W050,防護具正確,94%,2026/09/01 10:16
cam-01-20260901-0007,出入口,cam-01,W019,防護具正確,97%,2026/09/01 10:25
cam-06-20260901-0021,開挖區,cam-06,W051,未戴安全帽,52%,2026/09/01 10:33
cam-08-20260901-0006,施工架,cam-08,W043,防護具正確,N/A,2026/09/01 10:33
cam-03-20260901-0002,鋼構組立,cam-03,W014,防護具正確,89%,2026/09/01 10:36
cam-05-20260901-0008,開挖區,cam-05,W020,防護具正確,84%,2026/09/01 10:46
cam-06-20260901-0013,開挖區,cam-06,W037,防護具正確,61%,2026/09/01 10:46
cam-04-20260901-0010,鋼構組立,cam-04,W050,防護具正確,82%,2026/09/01 10:46
cam-01-20260901-0010,出入口,cam-01,W028,防護具正確,76%,2026/09/01 10:49
cam-07-20260901-0001,施工架,cam-07,W008,防護具正確,61%,2026/09/01 10:51
cam-05-20260901-0010,開挖區,cam-05,W033,防護具正確,86%,2026/09/01 11:10
cam-02-20260901-0010,出入口,cam-02,W049,防護具正確,76%,2026/09/01 11:22
cam-07-20260901-0003,施工架,cam-07,W041,防護具正確,90%,2026/09/01 11:48
cam-06-20260901-0020,開挖區,cam-06,W051,防護具正確,87%,2026/09/01 11:56
cam-01-20260901-0015,出入口,cam-01,W045,防護具正確,98%,2026/09/01 11:58
cam-07-20260901-0006,施工架,cam-07,W047,防護具正確,65%,2026/09/01 11:59
cam-06-20260901-0019,開挖區,cam-06,W048,未戴安全帽,98%,2026/09/01 12:13
cam-01-20260901-0014,出入口,cam-01,W034,防護具正確,66%,2026/09/01 12:20
cam-06-20260901-0017,開挖區,cam-06,W042,防護具正確,89%,2026/09/01 12:31
cam-06-20260901-0001,開挖區,cam-06,W001,防護具正確,63%,2026/09/01 12:33
cam-04-20260901-0002,鋼構組立,cam-04,W006,防護具正確,74%,2026/09/01 12:36
cam-01-20260901-0005,出入口,cam-01,W015,防護具正確,76%,2026/09/01 12:41
cam-03-20260901-0003,鋼構組立,cam-03,W026,防護具正確,70%,2026/09/01 12:45
cam-03-20260901-0005,鋼構組立,cam-03,W032,防護具正確,76%,2026/09/01 12:49
cam-01-20260901-0002,出入口,cam-01,W010,防護具正確,84%,2026/09/01 12:57
cam-01-20260901-0012,出入口,cam-01,W030,防護具正確,99%,2026/09/01 13:00
cam-04-20260901-0001,鋼構組立,cam-04,W002,防護具正確,93%,2026/09/01 13:04
cam-02-20260901-0005,出入口,cam-02,W030,防護具正確,77%,2026/09/01 13:09
cam-04-20260901-0007,鋼構組立,cam-04,W029,高處未使用安全帶,68%,2026/09/01 13:10
cam-05-20260901-0004,開挖區,cam-05,W007,跨越警示線,35%,2026/09/01 13:19
cam-02-20260901-0001,出入口,cam-02,W003,防護具正確,83%,2026/09/01 13:21
cam-02-20260901-0004,出入口,cam-02,W019,防護具正確,64%,2026/09/01 13:23
cam-02-20260901-0011,出入口,cam-02,W052,防護具正確,97%,2026/09/01 13:29
cam-06-20260901-0004,開挖區,cam-06,W009,防護具正確,72%,2026/09/01 13:30
cam-03-20260901-0007,鋼構組立,cam-03,W035,防護具正確,96%,2026/09/01 13:32
cam-03-20260901-0014,鋼構組立,cam-03,未辨識,高處未使用安全帶,88%,2026/09/01 13:54
cam-08-20260901-0007,施工架,cam-08,W047,防護具正確,N/A,2026/09/01 14:01
cam-07-20260901-0004,施工架,cam-07,W043,防護具正確,91%,2026/09/01 14:09
cam-02-20260901-0003,出入口,cam-02,W012,防護具正確,80%,2026/09/01 14:10
cam-07-20260901-0005,施工架,cam-07,W043,防護具正確,62%,2026/09/01 14:13
cam-03-20260901-0013,鋼構組立,cam-03,未辨識,防護具正確,75%,2026/09/01 14:18
cam-03-20260901-0004,鋼構組立,cam-03,W029,防護具正確,74%,2026/09/01 14:33
cam-04-20260901-0012,鋼構組立,cam-04,未辨識,防護具正確,76%,2026/09/01 14:42
cam-06-20260901-0012,開挖區,cam-06,W025,防護具正確,61%,2026/09/01 14:44
cam-06-20260901-0002,開挖區,cam-06,W001,未戴安全帽,74%,2026/09/01 14:49
cam-08-20260901-0004,施工架,cam-08,W039,防護具正確,N/A,2026/09/01 14:49
cam-03-20260901-0008,鋼構組立,cam-03,W038,防護具正確,90%,2026/09/01 14:52
cam-05-20260901-0002,開挖區,cam-05,W004,跨越警示線,57%,2026/09/01 14:54
cam-06-20260901-0018,開挖區,cam-06,W042,跨越警示線,68%,2026/09/01 14:55
cam-08-20260901-0001,施工架,cam-08,W017,防護具正確,N/A,2026/09/01 14:56
cam-01-20260901-0013,出入口,cam-01,W031,防護具正確,93%,2026/09/01 15:02
cam-06-20260901-0006,開挖區,cam-06,W018,未戴安全帽,55%,2026/09/01 15:13
cam-05-20260901-0006,開挖區,cam-05,W016,防護具正確,89%,2026/09/01 15:14
cam-05-20260901-0015,開挖區,cam-05,未辨識,防護具正確,86%,2026/09/01 15:14
cam-02-20260901-0008,出入口,cam-02,W034,未戴安全帽,40%,2026/09/01 15:19
cam-06-20260901-0014,開挖區,cam-06,W037,防護具正確,77%,2026/09/01 15:20
cam-02-20260901-0009,出入口,cam-02,W046,防護具正確,80%,2026/09/01 15:31
cam-06-20260901-0009,開挖區,cam-06,W021,未戴安全帽,36%,2026/09/01 15:39
cam-05-20260901-0012,開挖區,cam-05,W037,防護具正確,85%,2026/09/01 15:48
cam-06-20260901-0015,開挖區,cam-06,W042,未戴安全帽,78%,2026/09/01 15:49
cam-04-20260901-0009,鋼構組立,cam-04,W050,未戴安全帽,83%,2026/09/01 16:04
cam-01-20260901-0006,出入口,cam-01,W015,防護具正確,78%,2026/09/01 16:28
cam-02-20260901-0002,出入口,cam-02,W010,防護具正確,73%,2026/09/01 16:35
cam-04-20260901-0004,鋼構組立,cam-04,W011,防護具正確,72%,2026/09/01 16:35
cam-06-20260901-0003,開挖區,cam-06,W007,跨越警示線,97%,2026/09/01 16:36
cam-05-20260901-0007,開挖區,cam-05,W018,跨越警示線,55%,2026/09/01 16:36
cam-01-20260901-0004,出入口,cam-01,W013,防護具正確,69%,2026/09/01 16:47
cam-05-20260901-0016,開挖區,cam-05,未辨識,防護具正確,85%,2026/09/01 16:48
cam-01-20260901-0022,出入口,cam-01,未辨識,防護具正確,95%,2026/09/01 16:49
cam-02-20260901-0006,出入口,cam-02,W030,防護具正確,97%,2026/09/01 16:50
cam-05-20260901-0014,開挖區,cam-05,W048,防護具正確,78%,2026/09/01 16:50
cam-05-20260901-0013,開挖區,cam-05,W037,防護具正確,80%,2026/09/01 16:51
cam-06-20260901-0007,開挖區,cam-06,W020,跨越警示線,76%,2026/09/01 16:55
cam-02-20260902-0017,出入口,cam-02,W046,防護具正確,77%,2026/09/02 07:00
cam-02-20260902-0019,出入口,cam-02,W049,防護具正確,80%,2026/09/02 07:12
cam-02-20260902-0004,出入口,cam-02,W015,防護具正確,66%,2026/09/02 07:13
cam-04-20260902-0007,鋼構組立,cam-04,未辨識,防護具正確,88%,2026/09/02 07:17
cam-05-20260902-0015,開挖區,cam-05,W027,防護具正確,90%,2026/09/02 07:19
cam-05-20260902-0013,開挖區,cam-05,W027,防護具正確,66%,2026/09/02 07:20
cam-07-20260902-0002,施工架,cam-07,W003,高處未使用安全帶,66%,2026/09/02 07:23
cam-05-20260902-0011,開挖區,cam-05,W022,防護具正確,86%,2026/09/02 07:27
cam-06-20260902-0016,開挖區,cam-06,未辨識,防護具正確,86%,2026/09/02 07:43
cam-03-20260902-0006,鋼構組立,cam-03,W032,防護具正確,96%,2026/09/02 07:57
cam-07-20260902-0004,施工架,cam-07,W017,防護具正確,78%,2026/09/02 08:06
cam-02-20260902-0022,出入口,cam-02,未辨識,防護具正確,84%,2026/09/02 08:06
cam-07-20260902-0001,施工架,cam-07,W003,防護具正確,65%,2026/09/02 08:18
cam-02-20260902-0014,出入口,cam-02,W040,防護具正確,83%,2026/09/02 08:19
cam-07-20260902-0008,施工架,cam-07,W041,防護具正確,96%,2026/09/02 08:20
cam-01-20260902-0018,出入口,cam-01,未辨識,防護具正確,84%,2026/09/02 08:25
cam-05-20260902-0009,開挖區,cam-05,W009,防護具正確,88%,2026/09/02 08:26
cam-05-20260902-0001,開挖區,cam-05,W001,防護具正確,74%,2026/09/02 08:31
cam-08-20260902-0009,施工架,cam-08,W048,防護具正確,N/A,2026/09/02 08:42
cam-03-20260902-0012,鋼構組立,cam-03,未辨識,防護具正確,85%,2026/09/02 08:42
cam-02-20260902-0018,出入口,cam-02,W049,防護具正確,84%,2026/09/02 08:48
cam-03-20260902-0008,鋼構組立,cam-03,W044,防護具正確,88%,2026/09/02 08:56
cam-06-20260902-0013,開挖區,cam-06,W036,防護具正確,93%,2026/09/02 09:01
cam-05-20260902-0020,開挖區,cam-05,W042,防護具正確,75%,2026/09/02 09:09
cam-03-20260902-0003,鋼構組立,cam-03,W014,防護具正確,82%,2026/09/02 09:09
cam-08-20260902-0006,施工架,cam-08,W047,防護具正確,N/A,2026/09/02 09:13
cam-02-20260902-0006,出入口,cam-02,W030,防護具正確,98%,2026/09/02 09:15
cam-08-20260902-0010,施工架,cam-08,W048,防護具正確,N/A,2026/09/02 09:16
cam-05-20260902-0023,開挖區,cam-05,未辨識,防護具正確,81%,2026/09/02 09:18
cam-01-20260902-0006,出入口,cam-01,W015,防護具正確,76%,2026/09/02 09:20
cam-01-20260902-0015,出入口,cam-01,W045,防護具正確,86%,2026/09/02 09:29
cam-01-20260902-0002,出入口,cam-01,W007,防護具正確,70%,2026/09/02 09:33
cam-01-20260902-0003,出入口,cam-01,W007,防護具正確,96%,2026/09/02 09:42
cam-02-20260902-0001,出入口,cam-02,W008,防護具正確,91%,2026/09/02 09:42
cam-06-20260902-0014,開挖區,cam-06,W037,防護具正確,75%,2026/09/02 09:50
cam-08-20260902-0002,施工架,cam-08,W017,未戴安全帽,N/A,2026/09/02 09:52
cam-05-20260902-0017,開挖區,cam-05,W037,防護具正確,70%,2026/09/02 09:59
cam-07-20260902-0010,施工架,cam-07,W048,防護具正確,72%,2026/09/02 10:05
cam-02-20260902-0015,出入口,cam-02,W043,防護具正確,79%,2026/09/02 10:07
cam-02-20260902-0008,出入口,cam-02,W039,防護具正確,67%,2026/09/02 10:11
cam-04-20260902-0003,鋼構組立,cam-04,W029,未戴安全帽,54%,2026/09/02 10:15
cam-06-20260902-0010,開挖區,cam-06,W033,防護具正確,81%,2026/09/02 10:19
cam-02-20260902-0020,出入口,cam-02,W049,防護具正確,94%,2026/09/02 10:24
cam-05-20260902-0004,開挖區,cam-05,W004,防護具正確,71%,2026/09/02 10:26
cam-06-20260902-0007,開挖區,cam-06,W022,防護具正確,81%,2026/09/02 10:30
cam-01-20260902-0020,出入口,cam-01,未辨識,未戴安全帽,73%,2026/09/02 10:35
cam-05-20260902-0002,開挖區,cam-05,W001,防護具正確,71%,2026/09/02 10:39
cam-06-20260902-0015,開挖區,cam-06,未辨識,未戴安全帽,78%,2026/09/02 10:39
cam-06-20260902-0009,開挖區,cam-06,W028,防護具正確,67%,2026/09/02 10:51
cam-02-20260902-0005,出入口,cam-02,W024,防護具正確,65%,2026/09/02 10:51
cam-08-20260902-0007,施工架,cam-08,W047,防護具正確,N/A,2026/09/02 11:01
cam-05-20260902-0003,開挖區,cam-05,W004,防護具正確,92%,2026/09/02 11:28
cam-07-20260902-0005,施工架,cam-07,W023,防護具正確,61%,2026/09/02 11:34
cam-04-20260902-0004,鋼構組立,cam-04,W038,防護具正確,71%,2026/09/02 11:37
cam-01-20260902-0013,出入口,cam-01,W045,防護具正確,88%,2026/09/02 11:52
cam-03-20260902-0001,鋼構組立,cam-03,W011,防護具正確,70%,2026/09/02 11:53
cam-01-20260902-0017,出入口,cam-01,W052,防護具正確,90%,2026/09/02 12:00
cam-08-20260902-0001,施工架,cam-08,W003,防護具正確,N/A,2026/09/02 12:10
cam-02-20260902-0016,出入口,cam-02,W045,防護具正確,74%,2026/09/02 12:17
cam-02-20260902-0003,出入口,cam-02,W010,防護具正確,64%,2026/09/02 12:17
cam-06-20260902-0012,開挖區,cam-06,W036,防護具正確,81%,2026/09/02 12:18
cam-02-20260902-0010,出入口,cam-02,W039,防護具正確,71%,2026/09/02 12:19
cam-05-20260902-0006,開挖區,cam-05,W006,防護具正確,96%,2026/09/02 12:20
cam-03-20260902-0009,鋼構組立,cam-03,W050,防護具正確,82%,2026/09/02 12:20
cam-06-20260902-0006,開挖區,cam-06,W018,跨越警示線,95%,2026/09/02 12:20
cam-01-20260902-0009,出入口,cam-01,W031,防護具正確,85%,2026/09/02 12:22
cam-04-20260902-0006,鋼構組立,cam-04,W050,防護具正確,68%,2026/09/02 12:27
cam-06-20260902-0002,開挖區,cam-06,W006,防護具正確,83%,2026/09/02 12:31
cam-08-20260902-0011,施工架,cam-08,未辨識,高處未使用安全帶,N/A,2026/09/02 12:34
cam-02-20260902-0021,出入口,cam-02,未辨識,防護具正確,90%,2026/09/02 12:37
cam-01-20260902-0007,出入口,cam-01,W019,防護具正確,91%,2026/09/02 12:47
cam-05-20260902-0005,開挖區,cam-05,W006,跨越警示線,70%,2026/09/02 13:00
cam-04-20260902-0005,鋼構組立,cam-04,W038,防護具正確,89%,2026/09/02 13:03
cam-07-20260902-0013,施工架,cam-07,未辨識,防護具正確,60%,2026/09/02 13:07
cam-07-20260902-0003,施工架,cam-07,W017,防護具正確,69%,2026/09/02 13:09
cam-08-20260902-0012,施工架,cam-08,未辨識,防護具正確,N/A,2026/09/02 13:10
cam-05-20260902-0019,開挖區,cam-05,W037,防護具正確,80%,2026/09/02 13:10
cam-01-20260902-0011,出入口,cam-01,W043,防護具正確,61%,2026/09/02 13:11
cam-01-20260902-0010,出入口,cam-01,W034,防護具正確,98%,2026/09/02 13:17
cam-02-20260902-0023,出入口,cam-02,未辨識,防護具正確,87%,2026/09/02 13:20
cam-01-20260902-0019,出入口,cam-01,未辨識,未戴安全帽,64%,2026/09/02 13:45
cam-03-20260902-0005,鋼構組立,cam-03,W032,高處未使用安全帶,40%,2026/09/02 13:50
cam-02-20260902-0009,出入口,cam-02,W039,防護具正確,74%,2026/09/02 13:50
cam-06-20260902-0004,開挖區,cam-06,W016,防護具正確,91%,2026/09/02 13:54
cam-01-20260902-0016,出入口,cam-01,W049,防護具正確,99%,2026/09/02 13:56
cam-03-20260902-0011,鋼構組立,cam-03,未辨識,防護具正確,99%,2026/09/02 13:56
cam-05-20260902-0022,開挖區,cam-05,未辨識,跨越警示線,63%,2026/09/02 14:01
cam-03-20260902-0007,鋼構組立,cam-03,W038,防護具正確,70%,2026/09/02 14:02
cam-01-20260902-0012,出入口,cam-01,W043,未戴安全帽,48%,2026/09/02 14:03
cam-03-20260902-0004,鋼構組立,cam-03,W029,高處未使用安全帶,89%,2026/09/02 14:06
cam-05-20260902-0021,開挖區,cam-05,未辨識,防護具正確,84%,2026/09/02 14:08
cam-04-20260902-0002,鋼構組立,cam-04,W014,防護具正確,78%,2026/09/02 14:10
cam-06-20260902-0005,開挖區,cam-06,W018,未戴安全帽,89%,2026/09/02 14:16
cam-04-20260902-0001,鋼構組立,cam-04,W011,防護具正確,64%,2026/09/02 14:18
cam-07-20260902-0006,施工架,cam-07,W023,防護具正確,88%,2026/09/02 14:20
cam-07-20260902-0012,施工架,cam-07,未辨識,防護具正確,67%,2026/09/02 14:30
cam-08-20260902-0005,施工架,cam-08,W020,防護具正確,N/A,2026/09/02 14:31
cam-01-20260902-0004,出入口,cam-01,W007,防護具正確,82%,2026/09/02 14:32
cam-01-20260902-0014,出入口,cam-01,W045,防護具正確,79%,2026/09/02 14:37
cam-08-20260902-0003,施工架,cam-08,W020,防護具正確,N/A,2026/09/02 14:41
cam-02-20260902-0002,出入口,cam-02,W010,防護具正確,66%,2026/09/02 14:42
cam-02-20260902-0012,出入口,cam-02,W040,未戴安全帽,49%,2026/09/02 14:43
cam-05-20260902-0014,開挖區,cam-05,W027,防護具正確,95%,2026/09/02 14:45
cam-03-20260902-0002,鋼構組立,cam-03,W014,防護具正確,83%,2026/09/02 14:46
cam-01-20260902-0008,出入口,cam-01,W019,防護具正確,96%,2026/09/02 14:59
cam-07-20260902-0007,施工架,cam-07,W041,防護具正確,89%,2026/09/02 15:14
cam-05-20260902-0010,開挖區,cam-05,W018,跨越警示線,40%,2026/09/02 15:15
cam-05-20260902-0018,開挖區,cam-05,W037,防護具正確,61%,2026/09/02 15:16
cam-06-20260902-0001,開挖區,cam-06,W001,防護具正確,81%,2026/09/02 15:20
cam-08-20260902-0008,施工架,cam-08,W048,防護具正確,N/A,2026/09/02 15:22
cam-05-20260902-0007,開挖區,cam-05,W009,防護具正確,95%,2026/09/02 15:28
cam-06-20260902-0003,開挖區,cam-06,W009,防護具正確,81%,2026/09/02 15:34
cam-01-20260902-0005,出入口,cam-01,W013,防護具正確,67%,2026/09/02 15:38
cam-06-20260902-0008,開挖區,cam-06,W022,防護具正確,70%,2026/09/02 16:02
cam-02-20260902-0013,出入口,cam-02,W040,防護具正確,96%,2026/09/02 16:10
cam-02-20260902-0007,出入口,cam-02,W030,防護具正確,95%,2026/09/02 16:16
cam-05-20260902-0008,開挖區,cam-05,W009,防護具正確,61%,2026/09/02 16:23
cam-07-20260902-0011,施工架,cam-07,未辨識,高處未使用安全帶,75%,2026/09/02 16:25
cam-03-20260902-0010,鋼構組立,cam-03,未辨識,高處未使用安全帶,61%,2026/09/02 16:41
cam-01-20260902-0001,出入口,cam-01,W002,防護具正確,73%,2026/09/02 16:46
cam-05-20260902-0016,開挖區,cam-05,W028,防護具正確,84%,2026/09/02 16:46
cam-06-20260902-0011,開挖區,cam-06,W036,防護具正確,67%,2026/09/02 16:51
cam-08-20260902-0004,施工架,cam-08,W020,防護具正確,N/A,2026/09/02 16:53
cam-05-20260902-0012,開挖區,cam-05,W025,跨越警示線,89%,2026/09/02 16:53
cam-02-20260902-0011,出入口,cam-02,W040,防護具正確,88%,2026/09/02 16:57
cam-07-20260902-0009,施工架,cam-07,W047,防護具正確,65%,2026/09/02 16:58
cam-04-20260903-0007,鋼構組立,cam-04,W035,防護具正確,63%,2026/09/03 07:05
cam-07-20260903-0004,施工架,cam-07,W020,防護具正確,62%,2026/09/03 07:07
cam-05-20260903-0003,開挖區,cam-05,W009,防護具正確,88%,2026/09/03 07:15
cam-01-20260903-0009,出入口,cam-01,W034,防護具正確,79%,2026/09/03 07:25
cam-01-20260903-0003,出入口,cam-01,W015,防護具正確,69%,2026/09/03 07:30
cam-08-20260903-0007,施工架,cam-08,W020,未戴安全帽,N/A,2026/09/03 07:30
cam-03-20260903-0010,鋼構組立,cam-03,W032,防護具正確,70%,2026/09/03 07:53
cam-04-20260903-0001,鋼構組立,cam-04,W014,防護具正確,60%,2026/09/03 08:06
cam-05-20260903-0006,開挖區,cam-05,W016,防護具正確,61%,2026/09/03 08:07
cam-02-20260903-0013,出入口,cam-02,W040,防護具正確,91%,2026/09/03 08:10
cam-06-20260903-0002,開挖區,cam-06,W001,防護具正確,60%,2026/09/03 08:11
cam-07-20260903-0005,施工架,cam-07,W023,高處未使用安全帶,43%,2026/09/03 08:11
cam-02-20260903-0009,出入口,cam-02,W028,防護具正確,96%,2026/09/03 08:11
cam-01-20260903-0008,出入口,cam-01,W031,防護具正確,98%,2026/09/03 08:12
cam-05-20260903-0009,開挖區,cam-05,W033,防護具正確,68%,2026/09/03 08:25
cam-03-20260903-0014,鋼構組立,cam-03,W038,防護具正確,93%,2026/09/03 08:27
cam-08-20260903-0010,施工架,cam-08,W047,防護具正確,N/A,2026/09/03 08:28
cam-02-20260903-0006,出入口,cam-02,W013,防護具正確,95%,2026/09/03 08:36
cam-04-20260903-0009,鋼構組立,cam-04,W044,防護具正確,80%,2026/09/03 08:53
cam-02-20260903-0014,出入口,cam-02,W040,防護具正確,67%,2026/09/03 08:57
cam-02-20260903-0004,出入口,cam-02,W007,防護具正確,74%,2026/09/03 09:01
cam-03-20260903-0004,鋼構組立,cam-03,W024,防護具正確,69%,2026/09/03 09:14
cam-03-20260903-0011,鋼構組立,cam-03,W035,防護具正確,97%,2026/09/03 09:15
cam-04-20260903-0004,鋼構組立,cam-04,W029,防護具正確,75%,2026/09/03 09:19
cam-01-20260903-0018,出入口,cam-01,未辨識,防護具正確,62%,2026/09/03 09:21
cam-05-20260903-0010,開挖區,cam-05,W036,防護具正確,63%,2026/09/03 09:30
cam-06-20260903-0001,開挖區,cam-06,W001,防護具正確,76%,2026/09/03 09:37
cam-02-20260903-0015,出入口,cam-02,W046,防護具正確,73%,2026/09/03 09:41
cam-07-20260903-0008,施工架,cam-07,W047,防護具正確,70%,2026/09/03 09:42
cam-03-20260903-0005,鋼構組立,cam-03,W024,防護具正確,90%,2026/09/03 09:54
cam-03-20260903-0008,鋼構組立,cam-03,W029,未戴安全帽,47%,2026/09/03 10:06
cam-01-20260903-0016,出入口,cam-01,W052,防護具正確,83%,2026/09/03 10:12
cam-01-20260903-0004,出入口,cam-01,W019,防護具正確,92%,2026/09/03 10:18
cam-08-20260903-0005,施工架,cam-08,W017,防護具正確,N/A,2026/09/03 10:38
cam-02-20260903-0008,出入口,cam-02,W019,未戴安全帽,96%,2026/09/03 10:50
cam-06-20260903-0005,開挖區,cam-06,W042,跨越警示線,43%,2026/09/03 10:52
cam-07-20260903-0003,施工架,cam-07,W017,防護具正確,92%,2026/09/03 11:09
cam-05-20260903-0004,開挖區,cam-05,W009,防護具正確,97%,2026/09/03 11:19
cam-02-20260903-0011,出入口,cam-02,W034,未戴安全帽,88%,2026/09/03 11:21
cam-07-20260903-0006,施工架,cam-07,W025,防護具正確,64%,2026/09/03 11:23
cam-03-20260903-0003,鋼構組立,cam-03,W014,防護具正確,67%,2026/09/03 11:40
cam-05-20260903-0015,開挖區,cam-05,W043,防護具正確,80%,2026/09/03 11:53
cam-01-20260903-0017,出入口,cam-01,W052,防護具正確,80%,2026/09/03 12:02
cam-05-20260903-0013,開挖區,cam-05,W042,防護具正確,67%,2026/09/03 12:11
cam-07-20260903-0001,施工架,cam-07,W005,防護具正確,88%,2026/09/03 12:20
cam-02-20260903-0002,出入口,cam-02,W003,防護具正確,86%,2026/09/03 12:23
cam-04-20260903-0008,鋼構組立,cam-04,W044,防護具正確,97%,2026/09/03 12:32
cam-04-20260903-0005,鋼構組立,cam-04,W032,防護具正確,93%,2026/09/03 12:33
cam-01-20260903-0005,出入口,cam-01,W019,防護具正確,85%,2026/09/03 12:33
cam-06-20260903-0003,開挖區,cam-06,W027,防護具正確,67%,2026/09/03 12:36
cam-03-20260903-0006,鋼構組立,cam-03,W026,防護具正確,64%,2026/09/03 12:44
cam-01-20260903-0011,出入口,cam-01,W039,防護具正確,85%,2026/09/03 12:48
cam-05-20260903-0008,開挖區,cam-05,W022,防護具正確,81%,2026/09/03 13:01
cam-05-20260903-0012,開挖區,cam-05,W037,防護具正確,65%,2026/09/03 13:06
cam-08-20260903-0004,施工架,cam-08,W017,防護具正確,N/A,2026/09/03 13:09
cam-07-20260903-0007,施工架,cam-07,W047,防護具正確,96%,2026/09/03 13:09
cam-01-20260903-0012,出入口,cam-01,W040,防護具正確,89%,2026/09/03 13:14
cam-07-20260903-0009,施工架,cam-07,未辨識,高處未使用安全帶,83%,2026/09/03 13:16
cam-02-20260903-0016,出入口,cam-02,未辨識,防護具正確,94%,2026/09/03 13:18
cam-02-20260903-0005,出入口,cam-02,W012,防護具正確,63%,2026/09/03 13:19
cam-01-20260903-0020,出入口,cam-01,未辨識,防護具正確,92%,2026/09/03 13:23
cam-07-20260903-0010,施工架,cam-07,未辨識,防護具正確,77%,2026/09/03 13:23
cam-01-20260903-0010,出入口,cam-01,W034,防護具正確,61%,2026/09/03 13:31
cam-08-20260903-0001,施工架,cam-08,W005,防護具正確,N/A,2026/09/03 13:40
cam-08-20260903-0008,施工架,cam-08,W025,防護具正確,N/A,2026/09/03 13:53
cam-01-20260903-0014,出入口,cam-01,W046,防護具正確,95%,2026/09/03 13:56
cam-08-20260903-0009,施工架,cam-08,W041,防護具正確,N/A,2026/09/03 13:59
cam-03-20260903-0007,鋼構組立,cam-03,W026,防護具正確,93%,2026/09/03 13:59
cam-05-20260903-0005,開挖區,cam-05,W016,防護具正確,80%,2026/09/03 14:03
cam-08-20260903-0011,施工架,cam-08,W047,防護具正確,N/A,2026/09/03 14:04
cam-03-20260903-0009,鋼構組立,cam-03,W032,防護具正確,86%,2026/09/03 14:07
cam-01-20260903-0006,出入口,cam-01,W028,防護具正確,98%,2026/09/03 14:07
cam-06-20260903-0008,開挖區,cam-06,未辨識,防護具正確,62%,2026/09/03 14:08
cam-01-20260903-0021,出入口,cam-01,未辨識,未戴安全帽,83%,2026/09/03 14:13
cam-05-20260903-0002,開挖區,cam-05,W006,防護具正確,62%,2026/09/03 14:15
cam-08-20260903-0002,施工架,cam-08,W005,防護具正確,N/A,2026/09/03 14:22
cam-04-20260903-0010,鋼構組立,cam-04,W050,防護具正確,87%,2026/09/03 14:22
cam-01-20260903-0015,出入口,cam-01,W048,防護具正確,89%,2026/09/03 14:26
cam-02-20260903-0001,出入口,cam-02,W003,防護具正確,95%,2026/09/03 14:36
cam-02-20260903-0007,出入口,cam-02,W013,防護具正確,99%,2026/09/03 14:38
cam-08-20260903-0003,施工架,cam-08,W005,防護具正確,N/A,2026/09/03 14:51
cam-04-20260903-0003,鋼構組立,cam-04,W024,防護具正確,82%,2026/09/03 14:53
cam-02-20260903-0003,出入口,cam-02,W007,防護具正確,80%,2026/09/03 14:55
cam-01-20260903-0007,出入口,cam-01,W028,防護具正確,94%,2026/09/03 15:13
cam-03-20260903-0012,鋼構組立,cam-03,W038,高處未使用安全帶,96%,2026/09/03 15:16
cam-04-20260903-0002,鋼構組立,cam-04,W024,未戴安全帽,41%,2026/09/03 15:25
cam-03-20260903-0002,鋼構組立,cam-03,W011,高處未使用安全帶,63%,2026/09/03 15:30
cam-05-20260903-0007,開挖區,cam-05,W021,未戴安全帽,82%,2026/09/03 15:31
cam-04-20260903-0006,鋼構組立,cam-04,W035,未戴安全帽,47%,2026/09/03 15:31
cam-01-20260903-0019,出入口,cam-01,未辨識,防護具正確,83%,2026/09/03 15:36
cam-01-20260903-0001,出入口,cam-01,W012,防護具正確,62%,2026/09/03 15:37
cam-08-20260903-0006,施工架,cam-08,W020,防護具正確,N/A,2026/09/03 15:42
cam-05-20260903-0011,開挖區,cam-05,W037,防護具正確,72%,2026/09/03 15:48
cam-03-20260903-0013,鋼構組立,cam-03,W038,高處未使用安全帶,90%,2026/09/03 15:57
cam-02-20260903-0012,出入口,cam-02,W034,防護具正確,67%,2026/09/03 16:01
cam-01-20260903-0013,出入口,cam-01,W045,防護具正確,81%,2026/09/03 16:01
cam-03-20260903-0001,鋼構組立,cam-03,W002,防護具正確,73%,2026/09/03 16:04
cam-01-20260903-0002,出入口,cam-01,W015,未戴安全帽,40%,2026/09/03 16:08
cam-06-20260903-0007,開挖區,cam-06,未辨識,防護具正確,75%,2026/09/03 16:13
cam-07-20260903-0002,施工架,cam-07,W008,高處未使用安全帶,42%,2026/09/03 16:25
cam-05-20260903-0001,開挖區,cam-05,W006,防護具正確,74%,2026/09/03 16:26
cam-05-20260903-0016,開挖區,cam-05,未辨識,未戴安全帽,88%,2026/09/03 16:30
cam-05-20260903-0014,開挖區,cam-05,W043,防護具正確,77%,2026/09/03 16:39
cam-03-20260903-0015,鋼構組立,cam-03,未辨識,防護具正確,72%,2026/09/03 16:42
cam-06-20260903-0006,開挖區,cam-06,W043,跨越警示線,77%,2026/09/03 16:45
cam-02-20260903-0010,出入口,cam-02,W031,防護具正確,71%,2026/09/03 16:47
cam-06-20260903-0004,開挖區,cam-06,W033,防護具正確,87%,2026/09/03 16:48
cam-02-20260904-0010,出入口,cam-02,W046,防護具正確,97%,2026/09/04 07:02
cam-06-20260904-0005,開挖區,cam-06,W006,防護具正確,86%,2026/09/04 07:06
cam-02-20260904-0003,出入口,cam-02,W010,防護具正確,80%,2026/09/04 07:18
cam-01-20260904-0019,出入口,cam-01,W052,防護具正確,93%,2026/09/04 07:24
cam-02-20260904-0004,出入口,cam-02,W015,防護具正確,85%,2026/09/04 07:24
cam-05-20260904-0004,開挖區,cam-05,W018,防護具正確,71%,2026/09/04 07:26
cam-03-20260904-0007,鋼構組立,cam-03,W035,防護具正確,77%,2026/09/04 07:30
cam-05-20260904-0007,開挖區,cam-05,W025,防護具正確,65%,2026/09/04 07:33
cam-03-20260904-0012,鋼構組立,cam-03,W044,未戴安全帽,93%,2026/09/04 07:39
cam-08-20260904-0001,施工架,cam-08,W017,防護具正確,N/A,2026/09/04 07:42
cam-07-20260904-0001,施工架,cam-07,W020,未戴安全帽,62%,2026/09/04 07:44
cam-01-20260904-0016,出入口,cam-01,W045,防護具正確,66%,2026/09/04 07:44
cam-01-20260904-0017,出入口,cam-01,W045,防護具正確,80%,2026/09/04 07:51
cam-08-20260904-0006,施工架,cam-08,W023,防護具正確,N/A,2026/09/04 07:56
cam-01-20260904-0013,出入口,cam-01,W030,防護具正確,66%,2026/09/04 08:13
cam-06-20260904-0002,開挖區,cam-06,W001,防護具正確,71%,2026/09/04 08:19
cam-01-20260904-0012,出入口,cam-01,W030,防護具正確,62%,2026/09/04 08:22
cam-02-20260904-0012,出入口,cam-02,W049,防護具正確,80%,2026/09/04 08:23
cam-06-20260904-0004,開挖區,cam-06,W006,防護具正確,63%,2026/09/04 08:38
cam-07-20260904-0003,施工架,cam-07,W040,防護具正確,69%,2026/09/04 08:39
cam-04-20260904-0006,鋼構組立,cam-04,W029,高處未使用安全帶,80%,2026/09/04 08:45
cam-01-20260904-0010,出入口,cam-01,W026,防護具正確,79%,2026/09/04 08:46
cam-02-20260904-0002,出入口,cam-02,W009,防護具正確,68%,2026/09/04 08:47
cam-02-20260904-0009,出入口,cam-02,W045,防護具正確,93%,2026/09/04 08:48
cam-06-20260904-0008,開挖區,cam-06,W021,防護具正確,72%,2026/09/04 08:54
cam-01-20260904-0020,出入口,cam-01,W052,防護具正確,88%,2026/09/04 08:56
cam-06-20260904-0003,開挖區,cam-06,W004,防護具正確,85%,2026/09/04 09:04
cam-07-20260904-0002,施工架,cam-07,W023,高處未使用安全帶,72%,2026/09/04 09:10
cam-06-20260904-0011,開挖區,cam-06,W036,防護具正確,87%,2026/09/04 09:25
cam-03-20260904-0008,鋼構組立,cam-03,W038,防護具正確,71%,2026/09/04 09:32
cam-01-20260904-0015,出入口,cam-01,W042,防護具正確,85%,2026/09/04 09:44
cam-03-20260904-0001,鋼構組立,cam-03,W005,防護具正確,86%,2026/09/04 09:47
cam-01-20260904-0002,出入口,cam-01,W003,防護具正確,74%,2026/09/04 09:48
cam-06-20260904-0012,開挖區,cam-06,W036,防護具正確,92%,2026/09/04 09:52
cam-01-20260904-0003,出入口,cam-01,W003,防護具正確,85%,2026/09/04 09:54
cam-08-20260904-0002,施工架,cam-08,W017,高處未使用安全帶,N/A,2026/09/04 10:10
cam-06-20260904-0009,開挖區,cam-06,W022,防護具正確,84%,2026/09/04 10:12
cam-01-20260904-0001,出入口,cam-01,W003,防護具正確,93%,2026/09/04 10:17
cam-03-20260904-0009,鋼構組立,cam-03,W038,防護具正確,86%,2026/09/04 10:21
cam-03-20260904-0010,鋼構組立,cam-03,W038,防護具正確,65%,2026/09/04 10:21
cam-05-20260904-0006,開挖區,cam-05,W025,跨越警示線,79%,2026/09/04 10:26
cam-08-20260904-0012,施工架,cam-08,未辨識,防護具正確,N/A,2026/09/04 10:31
cam-01-20260904-0004,出入口,cam-01,W007,防護具正確,88%,2026/09/04 10:33
cam-04-20260904-0001,鋼構組立,cam-04,W005,防護具正確,65%,2026/09/04 10:36
cam-05-20260904-0002,開挖區,cam-05,W004,防護具正確,61%,2026/09/04 10:38
cam-04-20260904-0012,鋼構組立,cam-04,未辨識,高處未使用安全帶,50%,2026/09/04 10:39
cam-02-20260904-0001,出入口,cam-02,W003,防護具正確,62%,2026/09/04 10:47
cam-05-20260904-0009,開挖區,cam-05,W027,防護具正確,81%,2026/09/04 10:48
cam-05-20260904-0005,開挖區,cam-05,W021,防護具正確,93%,2026/09/04 10:49
cam-08-20260904-0008,施工架,cam-08,W040,防護具正確,N/A,2026/09/04 10:49
cam-06-20260904-0016,開挖區,cam-06,未辨識,防護具正確,84%,2026/09/04 10:57
cam-04-20260904-0011,鋼構組立,cam-04,未辨識,防護具正確,88%,2026/09/04 11:22
cam-05-20260904-0003,開挖區,cam-05,W006,防護具正確,75%,2026/09/04 11:37
cam-07-20260904-0005,施工架,cam-07,未辨識,防護具正確,66%,2026/09/04 11:45
cam-04-20260904-0003,鋼構組立,cam-04,W016,防護具正確,97%,2026/09/04 11:49
cam-03-20260904-0013,鋼構組立,cam-03,W050,防護具正確,62%,2026/09/04 11:56
cam-03-20260904-0006,鋼構組立,cam-03,W032,防護具正確,84%,2026/09/04 12:02
cam-08-20260904-0003,施工架,cam-08,W020,防護具正確,N/A,2026/09/04 12:03
cam-06-20260904-0017,開挖區,cam-06,未辨識,跨越警示線,92%,2026/09/04 12:09
cam-04-20260904-0013,鋼構組立,cam-04,未辨識,防護具正確,75%,2026/09/04 12:19
cam-06-20260904-0010,開挖區,cam-06,W022,防護具正確,64%,2026/09/04 12:24
cam-08-20260904-0010,施工架,cam-08,未辨識,防護具正確,N/A,2026/09/04 12:26
cam-07-20260904-0004,施工架,cam-07,W047,防護具正確,78%,2026/09/04 12:27
cam-02-20260904-0014,出入口,cam-02,W052,防護具正確,78%,2026/09/04 12:44
cam-03-20260904-0015,鋼構組立,cam-03,未辨識,防護具正確,69%,2026/09/04 12:48
cam-02-20260904-0013,出入口,cam-02,W052,未戴安全帽,41%,2026/09/04 12:54
cam-04-20260904-0005,鋼構組立,cam-04,W029,防護具正確,83%,2026/09/04 13:00
cam-01-20260904-0008,出入口,cam-01,W009,防護具正確,95%,2026/09/04 13:06
cam-08-20260904-0004,施工架,cam-08,W023,防護具正確,N/A,2026/09/04 13:11
cam-05-20260904-0013,開挖區,cam-05,W048,防護具正確,66%,2026/09/04 13:11
cam-05-20260904-0012,開挖區,cam-05,W048,防護具正確,90%,2026/09/04 13:12
cam-06-20260904-0007,開挖區,cam-06,W018,未戴安全帽,90%,2026/09/04 13:12
cam-04-20260904-0010,鋼構組立,cam-04,W050,未戴安全帽,41%,2026/09/04 13:24
cam-02-20260904-0008,出入口,cam-02,W028,防護具正確,73%,2026/09/04 13:28
cam-04-20260904-0007,鋼構組立,cam-04,W031,高處未使用安全帶,82%,2026/09/04 13:33
cam-02-20260904-0007,出入口,cam-02,W028,防護具正確,77%,2026/09/04 13:39
cam-01-20260904-0018,出入口,cam-01,W049,防護具正確,66%,2026/09/04 13:49
cam-08-20260904-0007,施工架,cam-08,W040,防護具正確,N/A,2026/09/04 13:49
cam-03-20260904-0005,鋼構組立,cam-03,W029,高處未使用安全帶,86%,2026/09/04 13:52
cam-02-20260904-0005,出入口,cam-02,W015,防護具正確,78%,2026/09/04 13:53
cam-03-20260904-0011,鋼構組立,cam-03,W044,未戴安全帽,81%,2026/09/04 14:00
cam-01-20260904-0009,出入口,cam-01,W015,防護具正確,92%,2026/09/04 14:12
cam-06-20260904-0013,開挖區,cam-06,W036,防護具正確,86%,2026/09/04 14:16
cam-04-20260904-0009,鋼構組立,cam-04,W044,防護具正確,65%,2026/09/04 14:18
cam-06-20260904-0014,開挖區,cam-06,W051,防護具正確,90%,2026/09/04 14:19
cam-03-20260904-0004,鋼構組立,cam-03,W016,防護具正確,76%,2026/09/04 14:32
cam-04-20260904-0002,鋼構組立,cam-04,W016,防護具正確,96%,2026/09/04 14:32
cam-02-20260904-0015,出入口,cam-02,未辨識,防護具正確,65%,2026/09/04 14:36
cam-04-20260904-0008,鋼構組立,cam-04,W035,防護具正確,61%,2026/09/04 14:41
cam-04-20260904-0004,鋼構組立,cam-04,W016,高處未使用安全帶,44%,2026/09/04 14:42
cam-03-20260904-0003,鋼構組立,cam-03,W011,未戴安全帽,52%,2026/09/04 14:42
cam-05-20260904-0001,開挖區,cam-05,W001,防護具正確,63%,2026/09/04 14:42
cam-01-20260904-0011,出入口,cam-01,W028,防護具正確,85%,2026/09/04 14:48
cam-06-20260904-0006,開挖區,cam-06,W006,防護具正確,90%,2026/09/04 14:52
cam-05-20260904-0008,開挖區,cam-05,W025,防護具正確,85%,2026/09/04 15:06
cam-02-20260904-0011,出入口,cam-02,W046,防護具正確,80%,2026/09/04 15:14
cam-08-20260904-0011,施工架,cam-08,未辨識,防護具正確,N/A,2026/09/04 15:19
cam-06-20260904-0015,開挖區,cam-06,未辨識,防護具正確,78%,2026/09/04 15:32
cam-01-20260904-0014,出入口,cam-01,W039,防護具正確,91%,2026/09/04 15:36
cam-08-20260904-0005,施工架,cam-08,W023,防護具正確,N/A,2026/09/04 15:36
cam-01-20260904-0006,出入口,cam-01,W007,未戴安全帽,36%,2026/09/04 15:39
cam-06-20260904-0001,開挖區,cam-06,W001,防護具正確,97%,2026/09/04 15:40
cam-08-20260904-0009,施工架,cam-08,W047,防護具正確,N/A,2026/09/04 16:20
cam-01-20260904-0005,出入口,cam-01,W007,防護具正確,90%,2026/09/04 16:20
cam-01-20260904-0007,出入口,cam-01,W009,防護具正確,86%,2026/09/04 16:21
cam-03-20260904-0014,鋼構組立,cam-03,W050,防護具正確,78%,2026/09/04 16:23
cam-03-20260904-0002,鋼構組立,cam-03,W005,防護具正確,99%,2026/09/04 16:33
cam-05-20260904-0010,開挖區,cam-05,W033,防護具正確,92%,2026/09/04 16:45
cam-02-20260904-0006,出入口,cam-02,W024,防護具正確,75%,2026/09/04 16:46
cam-05-20260904-0011,開挖區,cam-05,W037,防護具正確,62%,2026/09/04 16:55
cam-02-20260905-0027,出入口,cam-02,未辨識,防護具正確,65%,2026/09/05 07:04
cam-02-20260905-0005,出入口,cam-02,W019,防護具正確,91%,2026/09/05 07:06
cam-05-20260905-0009,開挖區,cam-05,未辨識,防護具正確,87%,2026/09/05 07:07
cam-01-20260905-0013,出入口,cam-01,W039,防護具正確,61%,2026/09/05 07:09
cam-08-20260905-0001,施工架,cam-08,W008,防護具正確,N/A,2026/09/05 07:10
cam-03-20260905-0003,鋼構組立,cam-03,W014,防護具正確,89%,2026/09/05 07:15
cam-07-20260905-0012,施工架,cam-07,未辨識,防護具正確,77%,2026/09/05 07:15
cam-01-20260905-0012,出入口,cam-01,W034,防護具正確,77%,2026/09/05 07:30
cam-06-20260905-0012,開挖區,cam-06,未辨識,防護具正確,93%,2026/09/05 07:36
cam-07-20260905-0007,施工架,cam-07,W018,高處未使用安全帶,39%,2026/09/05 07:45
cam-03-20260905-0006,鋼構組立,cam-03,W035,防護具正確,96%,2026/09/05 07:50
cam-01-20260905-0018,出入口,cam-01,未辨識,防護具正確,76%,2026/09/05 08:02
cam-02-20260905-0011,出入口,cam-02,W026,防護具正確,68%,2026/09/05 08:08
cam-06-20260905-0001,開挖區,cam-06,W001,防護具正確,86%,2026/09/05 08:09
cam-02-20260905-0024,出入口,cam-02,W052,防護具正確,71%,2026/09/05 08:11
cam-07-20260905-0008,施工架,cam-07,W020,防護具正確,67%,2026/09/05 08:11
cam-04-20260905-0003,鋼構組立,cam-04,W005,未戴安全帽,81%,2026/09/05 08:24
cam-01-20260905-0009,出入口,cam-01,W031,防護具正確,92%,2026/09/05 08:29
cam-02-20260905-0004,出入口,cam-02,W013,防護具正確,95%,2026/09/05 08:31
cam-02-20260905-0019,出入口,cam-02,W039,防護具正確,76%,2026/09/05 08:34
cam-03-20260905-0008,鋼構組立,cam-03,W038,防護具正確,75%,2026/09/05 08:35
cam-08-20260905-0009,施工架,cam-08,未辨識,防護具正確,N/A,2026/09/05 08:35
cam-06-20260905-0009,開挖區,cam-06,W048,防護具正確,61%,2026/09/05 08:37
cam-08-20260905-0007,施工架,cam-08,W023,防護具正確,N/A,2026/09/05 08:40
cam-05-20260905-0001,開挖區,cam-05,W001,未戴安全帽,35%,2026/09/05 08:40
cam-01-20260905-0016,出入口,cam-01,W049,未戴安全帽,58%,2026/09/05 08:42
cam-01-20260905-0019,出入口,cam-01,未辨識,未戴安全帽,64%,2026/09/05 08:49
cam-07-20260905-0004,施工架,cam-07,W017,高處未使用安全帶,80%,2026/09/05 08:49
cam-08-20260905-0005,施工架,cam-08,W017,防護具正確,N/A,2026/09/05 08:50
cam-02-20260905-0009,出入口,cam-02,W024,防護具正確,78%,2026/09/05 08:51
cam-02-20260905-0016,出入口,cam-02,W030,防護具正確,87%,2026/09/05 08:52
cam-07-20260905-0001,施工架,cam-07,W008,防護具正確,83%,2026/09/05 09:03
cam-06-20260905-0003,開挖區,cam-06,W027,防護具正確,68%,2026/09/05 09:07
cam-04-20260905-0002,鋼構組立,cam-04,W005,防護具正確,95%,2026/09/05 09:15
cam-01-20260905-0005,出入口,cam-01,W019,防護具正確,74%,2026/09/05 09:19
cam-01-20260905-0014,出入口,cam-01,W043,防護具正確,68%,2026/09/05 09:20
cam-02-20260905-0020,出入口,cam-02,W040,防護具正確,92%,2026/09/05 09:23
cam-05-20260905-0003,開挖區,cam-05,W016,防護具正確,60%,2026/09/05 09:24
cam-08-20260905-0011,施工架,cam-08,未辨識,高處未使用安全帶,N/A,2026/09/05 09:38
cam-03-20260905-0004,鋼構組立,cam-03,W014,防護具正確,70%,2026/09/05 09:40
cam-03-20260905-0013,鋼構組立,cam-03,未辨識,防護具正確,89%,2026/09/05 09:41
cam-06-20260905-0004,開挖區,cam-06,W027,防護具正確,98%,2026/09/05 09:47
cam-04-20260905-0013,鋼構組立,cam-04,未辨識,防護具正確,93%,2026/09/05 09:48
cam-04-20260905-0012,鋼構組立,cam-04,未辨識,防護具正確,70%,2026/09/05 09:58
cam-04-20260905-0014,鋼構組立,cam-04,未辨識,防護具正確,78%,2026/09/05 10:00
cam-07-20260905-0009,施工架,cam-07,W020,防護具正確,96%,2026/09/05 10:05
cam-07-20260905-0005,施工架,cam-07,W017,高處未使用安全帶,40%,2026/09/05 10:05
cam-01-20260905-0010,出入口,cam-01,W034,防護具正確,98%,2026/09/05 10:07
cam-05-20260905-0006,開挖區,cam-05,W044,防護具正確,88%,2026/09/05 10:10
cam-01-20260905-0007,出入口,cam-01,W024,防護具正確,98%,2026/09/05 10:18
cam-03-20260905-0011,鋼構組立,cam-03,未辨識,防護具正確,71%,2026/09/05 10:34
cam-08-20260905-0006,施工架,cam-08,W020,防護具正確,N/A,2026/09/05 10:34
cam-06-20260905-0011,開挖區,cam-06,W051,防護具正確,72%,2026/09/05 10:46
cam-03-20260905-0009,鋼構組立,cam-03,W038,防護具正確,81%,2026/09/05 10:46
cam-05-20260905-0007,開挖區,cam-05,W048,跨越警示線,61%,2026/09/05 10:55
cam-02-20260905-0001,出入口,cam-02,W003,防護具正確,91%,2026/09/05 10:59
cam-03-20260905-0001,鋼構組立,cam-03,W002,高處未使用安全帶,77%,2026/09/05 11:09
cam-05-20260905-0005,開挖區,cam-05,W027,防護具正確,76%,2026/09/05 11:19
cam-08-20260905-0003,施工架,cam-08,W008,防護具正確,N/A,2026/09/05 11:24
cam-02-20260905-0026,出入口,cam-02,未辨識,未戴安全帽,66%,2026/09/05 11:30
cam-07-20260905-0002,施工架,cam-07,W015,高處未使用安全帶,44%,2026/09/05 11:33
cam-04-20260905-0006,鋼構組立,cam-04,W014,防護具正確,79%,2026/09/05 11:35
cam-05-20260905-0008,開挖區,cam-05,W051,防護具正確,83%,2026/09/05 11:39
cam-01-20260905-0006,出入口,cam-01,W019,防護具正確,84%,2026/09/05 11:48
cam-04-20260905-0011,鋼構組立,cam-04,未辨識,高處未使用安全帶,80%,2026/09/05 11:52
cam-02-20260905-0021,出入口,cam-02,W043,未戴安全帽,93%,2026/09/05 12:14
cam-05-20260905-0004,開挖區,cam-05,W027,防護具正確,89%,2026/09/05 12:17
cam-02-20260905-0017,出入口,cam-02,W031,防護具正確,87%,2026/09/05 12:18
cam-02-20260905-0022,出入口,cam-02,W049,防護具正確,98%,2026/09/05 12:19
cam-01-20260905-0017,出入口,cam-01,W049,防護具正確,64%,2026/09/05 12:21
cam-06-20260905-0005,開挖區,cam-06,W036,防護具正確,87%,2026/09/05 12:40
cam-02-20260905-0025,出入口,cam-02,未辨識,防護具正確,96%,2026/09/05 12:48
cam-06-20260905-0002,開挖區,cam-06,W016,防護具正確,63%,2026/09/05 12:49
cam-06-20260905-0010,開挖區,cam-06,W051,跨越警示線,63%,2026/09/05 12:50
cam-01-20260905-0003,出入口,cam-01,W007,防護具正確,87%,2026/09/05 12:55
cam-04-20260905-0010,鋼構組立,cam-04,W035,防護具正確,71%,2026/09/05 13:05
cam-02-20260905-0023,出入口,cam-02,W049,防護具正確,99%,2026/09/05 13:13
cam-03-20260905-0005,鋼構組立,cam-03,W032,防護具正確,92%,2026/09/05 13:28
cam-04-20260905-0005,鋼構組立,cam-04,W011,防護具正確,72%,2026/09/05 13:33
cam-06-20260905-0006,開挖區,cam-06,W042,防護具正確,67%,2026/09/05 13:34
cam-05-20260905-0002,開挖區,cam-05,W009,防護具正確,90%,2026/09/05 13:40
cam-03-20260905-0007,鋼構組立,cam-03,W035,防護具正確,79%,2026/09/05 13:47
cam-02-20260905-0007,出入口,cam-02,W024,防護具正確,83%,2026/09/05 13:48
cam-04-20260905-0001,鋼構組立,cam-04,W002,防護具正確,67%,2026/09/05 13:50
cam-02-20260905-0003,出入口,cam-02,W010,防護具正確,61%,2026/09/05 13:58
cam-08-20260905-0002,施工架,cam-08,W008,防護具正確,N/A,2026/09/05 14:11
cam-01-20260905-0015,出入口,cam-01,W043,防護具正確,77%,2026/09/05 14:16
cam-08-20260905-0010,施工架,cam-08,未辨識,防護具正確,N/A,2026/09/05 14:19
cam-02-20260905-0012,出入口,cam-02,W026,防護具正確,84%,2026/09/05 14:25
cam-02-20260905-0018,出入口,cam-02,W034,防護具正確,68%,2026/09/05 14:34
cam-01-20260905-0004,出入口,cam-01,W013,未戴安全帽,94%,2026/09/05 14:38
cam-02-20260905-0008,出入口,cam-02,W024,防護具正確,72%,2026/09/05 14:44
cam-07-20260905-0006,施工架,cam-07,W018,未戴安全帽,94%,2026/09/05 14:47
cam-07-20260905-0011,施工架,cam-07,W041,未戴安全帽,42%,2026/09/05 14:47
cam-04-20260905-0004,鋼構組立,cam-04,W011,防護具正確,93%,2026/09/05 14:48
cam-07-20260905-0010,施工架,cam-07,W023,防護具正確,87%,2026/09/05 14:50
cam-04-20260905-0009,鋼構組立,cam-04,W035,防護具正確,78%,2026/09/05 14:56
cam-02-20260905-0006,出入口,cam-02,W019,防護具正確,74%,2026/09/05 15:00
cam-03-20260905-0012,鋼構組立,cam-03,未辨識,防護具正確,69%,2026/09/05 15:15
cam-02-20260905-0013,出入口,cam-02,W028,防護具正確,66%,2026/09/05 15:31
cam-02-20260905-0002,出入口,cam-02,W010,防護具正確,80%,2026/09/05 15:34
cam-07-20260905-0003,施工架,cam-07,W015,防護具正確,74%,2026/09/05 15:34
cam-02-20260905-0010,出入口,cam-02,W026,防護具正確,84%,2026/09/05 15:34
cam-04-20260905-0007,鋼構組立,cam-04,W032,防護具正確,88%,2026/09/05 15:41
cam-06-20260905-0008,開挖區,cam-06,W046,防護具正確,65%,2026/09/05 15:42
cam-04-20260905-0008,鋼構組立,cam-04,W032,防護具正確,80%,2026/09/05 15:43
cam-08-20260905-0004,施工架,cam-08,W015,防護具正確,N/A,2026/09/05 15:49
cam-03-20260905-0010,鋼構組立,cam-03,W038,防護具正確,71%,2026/09/05 15:56
cam-03-20260905-0002,鋼構組立,cam-03,W011,防護具正確,82%,2026/09/05 15:57
cam-01-20260905-0008,出入口,cam-01,W030,防護具正確,69%,2026/09/05 16:01
cam-07-20260905-0013,施工架,cam-07,未辨識,防護具正確,81%,2026/09/05 16:10
cam-08-20260905-0008,施工架,cam-08,W047,防護具正確,N/A,2026/09/05 16:11
cam-01-20260905-0020,出入口,cam-01,未辨識,未戴安全帽,73%,2026/09/05 16:16
cam-01-20260905-0011,出入口,cam-01,W034,防護具正確,76%,2026/09/05 16:20
cam-05-20260905-0010,開挖區,cam-05,未辨識,未戴安全帽,92%,2026/09/05 16:29
cam-01-20260905-0002,出入口,cam-01,W003,防護具正確,88%,2026/09/05 16:50
cam-02-20260905-0015,出入口,cam-02,W028,防護具正確,83%,2026/09/05 16:53
cam-01-20260905-0001,出入口,cam-01,W003,防護具正確,83%,2026/09/05 16:54
cam-02-20260905-0014,出入口,cam-02,W028,防護具正確,72%,2026/09/05 16:54
cam-06-20260905-0007,開挖區,cam-06,W044,跨越警示線,76%,2026/09/05 16:59
