worker_id,name,contractor,trade,home_zone,valid_from,valid_to
W001,蔡靜宜,甲營造,開挖工,Z3,2026-08-31,
W002,李雅婷,乙鋼構,鋼構工,Z2,2026-08-31,
W003,陳建宏,丙土木,物料搬運,Z1,2026-08-31,
W004,楊靜宜,甲營造,開挖工,Z3,2026-08-31,
W005,洪欣怡,乙鋼構,鋼構工,Z2,2026-08-31,
W006,謝怡君,丙土木,開挖工,Z3,2026-08-31,
W007,李惠如,甲營造,物料搬運,Z1,2026-08-31,
W008,楊承恩,乙鋼構,施工架工,Z4,2026-08-31,
W009,李淑芬,丙土木,開挖工,Z3,2026-08-31,
W010,王冠宇,甲營造,物料搬運,Z1,2026-08-31,
W011,徐彥廷,乙鋼構,鋼構工,Z2,2026-08-31,
W012,曾怡君,丙土木,物料搬運,Z1,2026-08-31,
W013,王彥廷,甲營造,物料搬運,Z1,2026-08-31,
W014,李欣怡,乙鋼構,鋼構工,Z2,2026-08-31,
W015,許惠如,丙土木,物料搬運,Z1,2026-08-31,
W016,黃秀英,甲營造,開挖工,Z3,2026-08-31,
W017,林欣怡,乙鋼構,施工架工,Z4,2026-08-31,
W018,郭建宏,丙土木,開挖工,Z3,2026-08-31,
W019,王國華,甲營造,物料搬運,Z1,2026-08-31,
W020,廖建宏,乙鋼構,施工架工,Z4,2026-08-31,
W021,陳國華,丙土木,開挖工,Z3,2026-08-31,
W022,賴佩珊,甲營造,開挖工,Z3,2026-08-31,
W023,楊美玲,乙鋼構,施工架工,Z4,2026-08-31,2026-09-13
W023,楊美玲,丙土木,施工架工,Z4,2026-09-14,
W024,鄭志明,丙土木,物料搬運,Z1,2026-08-31,
W025,鄭淑芬,甲營造,開挖工,Z3,2026-08-31,
W026,洪怡君,乙鋼構,鋼構工,Z2,2026-08-31,
W027,吳冠宇,丙土木,開挖工,Z3,2026-08-31,
W028,徐宗翰,甲營造,物料搬運,Z1,2026-08-31,
W029,賴國華,乙鋼構,鋼構工,Z2,2026-08-31,
W030,林秀英,丙土木,物料搬運,Z1,2026-08-31,
W031,郭俊傑,甲營造,物料搬運,Z1,2026-08-31,
W032,楊宗翰,乙鋼構,鋼構工,Z2,2026-08-31,
W033,吳俊傑,丙土木,開挖工,Z3,2026-08-31,
W034,徐承恩,甲營造,物料搬運,Z1,2026-08-31,
W035,廖志明,乙鋼構,鋼構工,Z2,2026-08-31,
W036,楊俊傑,丙土木,開挖工,Z3,2026-08-31,
W037,賴冠宇,甲營造,開挖工,Z3,2026-08-31,
W038,謝惠如,乙鋼構,鋼構工,Z2,2026-08-31,
W039,許建宏,丙土木,物料搬運,Z1,2026-08-31,
W040,蔡俊傑,甲營造,物料搬運,Z1,2026-08-31,
W041,楊家豪,乙鋼構,施工架工,Z4,2026-08-31,
W042,許柏翰,丙土木,開挖工,Z3,2026-08-31,
W043,黃承恩,甲營造,物料搬運,Z1,2026-08-31,
W044,鄭靜宜,乙鋼構,鋼構工,Z2,2026-08-31,
W045,邱志明,丙土木,物料搬運,Z1,2026-08-31,
W046,廖宗翰,甲營造,物料搬運,Z1,2026-08-31,
W047,陳郁婷,乙鋼構,施工架工,Z4,2026-08-31,
W048,黃惠如,丙土木,開挖工,Z3,2026-08-31,
W049,蔡宗翰,甲營造,物料搬運,Z1,2026-08-31,
W050,黃郁婷,乙鋼構,鋼構工,Z2,2026-08-31,
W051,劉彥廷,丙土木,開挖工,Z3,2026-08-31,
W052,洪靜宜,甲營造,物料搬運,Z1,2026-08-31,
W053,廖俊傑,乙鋼構,鋼構工,Z2,2026-08-31,
W054,賴宗翰,丙土木,開挖工,Z3,2026-08-31,
W055,吳志明,甲營造,物料搬運,Z1,2026-08-31,
W056,楊建宏,乙鋼構,施工架工,Z4,2026-08-31,
W057,曾冠宇,丙土木,開挖工,Z3,2026-08-31,
W058,曾志明,甲營造,開挖工,Z3,2026-08-31,
W059,鄭國華,乙鋼構,施工架工,Z4,2026-08-31,
W060,蔡家豪,丙土木,物料搬運,Z1,2026-08-31,
